Rank,Stock,Live,Support,Support R/R,Setup,Trade Quality,Trigger,% From Trigger,Breakout R/R,Action
3,TER,449.0400085449219,380.8000030517578,5R+,95,72.5,444.1700134277344,1.0964259112417274,1.1417747148260133,BUY BREAKOUT
4,COHU,73.4800033569336,60.02350044250488,5R+,92,92.5,70.69000244140625,3.9468111743806045,1.542243400627195,BUY BREAKOUT
6,ARW,242.00999450683594,222.58350143432617,5R+,92,86.5,233.94000244140625,3.449599034457962,1.9927375313290494,BUY BREAKOUT
8,PI,189.61000061035156,177.38374938964844,5R+,92,85.0,186.66000366210938,1.580411920264524,3.144757330836106,BUY BREAKOUT
9,RBRK,118.58000183105469,105.9000015258789,5R+,92,85.0,117.05000305175781,1.3071326265752692,2.0773001103973954,BUY BREAKOUT
11,NTAP,226.27000427246094,197.87600021362306,5R+,91,92.5,216.80999755859375,4.3632705227583335,1.812645437857174,BUY BREAKOUT
13,HPE,69.33000183105469,60.375000381469725,5R+,89,92.5,67.10099792480469,3.3218640186959414,1.770193258600005,BUY BREAKOUT
16,S,25.059999465942383,22.545999908447264,5R+,88,92.5,24.690000534057617,1.4985780635135448,1.7368010380330057,BUY BREAKOUT
17,AVT,106.93499755859375,97.38600006103516,5R+,88,86.5,104.58000183105469,2.251860476483336,1.5968251905809605,BUY BREAKOUT
18,SMTC,194.8800048828125,171.1025016784668,5R+,88,85.0,190.63999938964844,2.2240901734886798,2.203133645412934,BUY BREAKOUT
22,P,140.13999938964844,111.65299987792969,5R+,85,90.0,135.67999267578125,3.287151352170792,1.4542289222381568,BUY BREAKOUT
24,ASX,47.45000076293945,42.209999084472656,5R+,84,85.0,45.75,3.7158486621627462,2.1074588704891646,BUY BREAKOUT
25,CRWD,270.0400085449219,242.28350143432618,5R+,83,84.5,269.29998779296875,0.2747942018185512,1.6676122074871615,BUY BREAKOUT
26,LITE,1085.4200439453125,941.7265045166016,5R+,83,84.5,1078.0400390625,0.6845761396051975,1.6356885888276382,BUY BREAKOUT
28,SPSC,82.3499984741211,81.32600059509278,5R+,83,83.5,89.44000244140625,-7.9271061871112325,1.752726974024865,WAIT FOR SUPPORT
29,FRSH,12.779999732971191,12.521999979019165,5R+,83,81.0,13.989999771118164,-8.649035439192598,1.3311878112500635,WAIT FOR SUPPORT
32,TEAM,187.88999938964844,186.58800048828124,5R+,83,76.0,200.0,-6.055000305175784,3.8482551327084873,BUY SUPPORT
33,VEEV,273.3299865722656,269.64949798583984,5R+,83,76.0,296.239990234375,-7.733595874069454,2.035129956578283,WAIT FOR SUPPORT
36,QRVO,114.16999816894531,114.06599998474121,5R+,82,76.0,121.08999633789062,-5.714756278987476,2.4360908068651184,BUY SUPPORT
38,DSGX,80.08000183105469,78.4375,5R+,81,85.5,83.68000030517578,-4.302101411319459,1.5328593065497798,WAIT FOR SUPPORT
39,MGNI,24.729999542236328,24.377999782562256,5R+,80,83.5,26.84000015258789,-7.861403123532096,1.6485277415212727,WAIT FOR SUPPORT
42,DOCU,69.01000213623047,68.1140007019043,5R+,80,76.0,74.06500244140625,-6.825086260106261,2.0784160145396697,WAIT FOR SUPPORT
48,MRVL,272.2900085449219,246.17749938964843,5R+,78,77.0,270.2799987792969,0.743676844273744,2.164981911191133,BUY BREAKOUT
50,CLS,387.32000732421875,345.6574981689453,5R+,77,90.0,381.29998779296875,1.5788145093040606,1.4599230962455134,BUY BREAKOUT
55,SNOW,341.0400085449219,334.0895004272461,5R+,77,63.5,384.55999755859375,-11.316826838454752,1.2149931215892196,WAIT FOR SUPPORT
60,AAPL,333.69000244140625,331.8949996948242,5R+,76,78.0,345.3399963378906,-3.3734852667009596,1.5042421599282296,BUY SUPPORT
62,JOYY,79.19000244140625,78.36800003051758,5R+,76,72.0,81.26000213623047,-2.5473783416273044,1.928009893100911,WAIT FOR SUPPORT
66,FIVN,34.36000061035156,34.00800008773804,5R+,74,81.0,40.0,-14.09999847412109,1.4652588363952952,WAIT FOR SUPPORT
68,TSM,472.7799987792969,441.12050170898436,5R+,73,79.0,461.8699951171875,2.362137349784166,2.198445098713193,BUY BREAKOUT
72,BOX,34.4900016784668,33.7084997177124,5R+,73,75.0,36.34000015258789,-5.090804805594773,1.4285096317129011,WAIT FOR SUPPORT
73,VRNS,47.56999969482422,47.057000160217285,5R+,73,72.0,48.790000915527344,-2.500514855114222,2.422933315628241,WAIT FOR SUPPORT
77,VIAV,47.099998474121094,38.299200210571286,5R+,72,54.5,46.65999984741211,0.942988915876275,0.94956917633455,BUY BREAKOUT
84,SKM,36.790000915527344,36.336499786376955,5R+,70,57.5,41.0099983215332,-10.290167224391366,1.1663027298461615,WAIT FOR SUPPORT
87,PTC,144.02999877929688,142.26939987182618,5R+,69,75.0,159.4600067138672,-9.676412445070138,1.2953300170609356,WAIT FOR SUPPORT
88,GSAT,83.22000122070312,82.45449905395508,5R+,68,74.0,84.8499984741211,-1.9210339218981964,1.2754249006501865,BUY SUPPORT
94,UMC,26.270000457763672,23.69950008392334,5R+,66,85.0,25.799999237060547,1.8217102116343753,2.1012619494916454,BUY BREAKOUT
99,TEM,76.62999725341797,74.80999755859375,5R+,65,83.5,89.08999633789062,-13.985856545796405,1.5443126618890912,WAIT FOR SUPPORT
102,ADI,417.1499938964844,380.0125,5R+,64,76.5,406.19000244140625,2.6982425439334046,1.2756935302510992,BUY BREAKOUT
106,SPCX,158.9600067138672,150.13200149536132,5R+,63,77.0,158.1300048828125,0.5248857303645771,2.880814537588046,BUY BREAKOUT
107,OCTV,19.030000686645508,18.733399810791017,5R+,62,75.0,20.579999923706055,-7.531580382928505,1.2793681276743272,WAIT FOR SUPPORT
114,MXL,105.93000030517578,80.5075002670288,5R+,59,81.0,96.22000122070312,10.091455998010733,1.4465903881668283,EXTENDED
118,ACLS,147.77000427246094,123.97740005493164,5R+,58,72.5,145.6999969482422,1.4207325789815206,1.0211628628252245,BUY BREAKOUT
121,SNDK,1719.989990234375,1713.4527465820313,5R+,57,76.0,1909.47998046875,-9.923643723557552,2.1624881937214857,BUY SUPPORT
123,LOGI,104.31999969482422,101.88119979858398,5R+,56,40.0,111.91999816894531,-6.790563436794161,0.7958308120223978,WAIT FOR SUPPORT
124,TXN,293.79998779296875,270.53960021972654,5R+,55,86.5,289.6199951171875,1.4432679877955046,1.54309025566036,BUY BREAKOUT
