Action,Horizon,Trades,Win Rate %,Avg Return %,Median Return %,Avg Alpha vs QQQ %,Median Alpha vs QQQ %
ALL,5,20689,50.63076997438252,0.25891821725944625,0.0670824332813959,-0.242675761333805,-0.4908230571394112
ALL,10,20689,53.40519116438686,1.0416142626238318,0.5537669417370108,-0.03376329788151153,-0.5527221505671198
ALL,20,20689,54.22688385132196,2.1249979874618337,0.9998339043368001,0.052115951799271434,-1.0308994413272154
ALL,40,20689,55.22258204843153,4.588876298313106,1.8434614412119243,0.7317511458354726,-2.037748511478643
BUY SUPPORT,5,9349,51.085677612578884,0.2853386456517101,0.11654851899729496,-0.32757422493503113,-0.5265734844611236
BUY SUPPORT,10,9349,52.24088137768745,0.628216520074713,0.3327551288489163,-0.5023500993291774,-0.7827528530765404
BUY SUPPORT,20,9349,52.93614290298427,1.5629833216014286,0.6284878578126654,-0.6540622134936662,-1.3021303746085566
BUY SUPPORT,40,9349,54.03786501230078,3.5905387248872107,1.2317608337443666,-0.7650897975022347,-2.7588874956565146
BUY BREAKOUT,5,11340,50.255731922398596,0.23713650782035664,0.03758150174250092,-0.17268319200330562,-0.4564699537012772
BUY BREAKOUT,10,11340,54.36507936507936,1.3824304438488504,0.7424654863028237,0.3525522229945227,-0.36824672819976134
BUY BREAKOUT,20,11340,55.29100529100529,2.588337944351509,1.2796148219411554,0.6343081623216413,-0.8041970780874097
BUY BREAKOUT,40,11340,56.19929453262786,5.411932557039621,2.369699155642524,1.965786946476057,-1.322066931042165
