symbol,price,daily_pct,volume,dollar_volume,market_cap,attention,snapshot_found
MDB,334.68,-18.458,17855139.0,5975757920.52,26960596206.0,50.8905413137482,True
BE,262.87,-8.947,15575087.0,4094223119.69,77422403443.0,36.45594633994585,True
RBLX,41.86,-9.862,18062034.0,756076743.24,29903776890.0,36.21663587425541,True
ARM,283.33,-8.697,9103996.0,2579435186.68,301478774549.0,35.886289099156826,True
CRDO,192.67,-8.674,9095449.0,1752420158.83,36212696041.0,35.19387778157579,True
QCOM,187.48,-7.174,16680140.0,3127192647.2,196897855509.0,33.70429361771715,True
INTC,116.03,-5.667,112437161.0,13046083790.83,613226615361.0,32.85712767562921,True
FLUT,76.63,-7.93,3532217.0,270673788.71,13424128766.0,32.30465254215587,True
META,715.62,-4.795,27944078.0,19997341098.36,1823046404735.0,32.08572371226099,True
PANW,392.09,4.63,6028103.0,2363558905.27,320729620000.0,32.034281535162705,True
AXTI,73.67,-6.676,7016366.0,516895683.22,4830778528.0,30.83021180501311,True
SKHY,181.92,-5.032,16342299.0,2972991034.08,1325952117600.0,30.737271943363176,True
APLD,24.53,-6.552,14992625.0,367769091.25,7336784970.0,30.412077480027392,True
AMD,607.87,-3.609,22124757.0,13448976037.59,992332603781.0,29.869708480806953,True
DUOL,134.3,-6.418,1625827.0,218348566.10000002,6283395927.0,29.73466873765297,True
TWLO,286.98,4.054,2730694.0,783654564.12,44073016636.0,29.621709806749756,True
FPS,36.59,-6.107,8026261.0,293680889.99,11139053049.0,29.61264827051259,True
SNDK,1712.89,-3.651,6662455.0,11412052544.95,250799642623.0,29.58099194491556,True
NTES,121.04,4.878,746030.0,90299471.2,77239025829.0,29.47811328979755,True
AFRM,67.21,-6.026,3687633.0,247845813.92999998,22678082616.0,29.45182539288119,True
COHR,282.45,-4.523,6884998.0,1944667685.1,55312817883.0,29.12217981939657,True
CBRS,196.74,-4.842,5210554.0,1025124393.96,46738349426.0,29.01893881620662,True
MRVL,251.9,-3.831,16916480.0,4261261312.0,220891110000.0,28.9760387173959,True
MU,1053.98,-2.615,22227439.0,23427276157.22,1190357793291.0,28.88843072582275,True
NVDA,228.86,1.684,142692596.0,32656627520.56,5515526000000.0,28.85549809312785,True
TEAM,178.54,-4.9,3659728.0,653407837.12,45195404030.0,28.70965167400376,True
OKTA,202.18,3.581,3650415.0,738040904.7,35345295223.0,28.590076929807168,True
HUBS,202.84,-5.1,2477370.0,502509730.8,10114860211.0,28.55402491184799,True
AEHR,98.49,-5.652,2112374.0,208047715.26,3216638686.0,28.44191669992411,True
CRWD,259.25,2.824,8961975.0,2323392018.75,265455107789.0,28.378641866497333,True
DELL,543.43,-3.457,6863156.0,3729644865.0799994,345519722733.0,28.36730045583467,True
ORCL,132.6,-3.282,36060163.0,4781577613.8,401977052357.0,28.343612860571483,True
BILL,41.6,-5.989,2376192.0,98849587.2,3547514131.0,28.315923166971576,True
AAOI,96.82,-4.517,8195829.0,793520163.78,8220626901.0,28.044832662042243,True
ZS,199.39,3.284,3810793.0,759834016.27,32511476234.0,28.00865030573771,True
RDDT,143.08,-4.511,4339887.0,620951031.96,27528092651.0,28.006536348810123,True
AKAM,108.99,-4.344,8243122.0,898417866.78,15663673215.0,27.99116952516707,True
BZ,14.18,4.265,7000965.0,99273683.7,6562584869.0,27.95964450116222,True
SPCX,145.47,-2.159,83516942.0,12149209552.74,1974438361789.0,27.711001299054228,True
MNDY,79.05,-5.51,1280546.0,101227161.3,3391793923.0,27.611244426517356,True
ALAB,351.31,-3.65,4080550.0,1433538020.5,60947051886.0,27.562551877722292,True
WIX,69.6,-5.678,1015043.0,70646992.8,2912725966.0,27.527692229901366,True
SOFI,15.93,-3.92,58726512.0,935513336.16,20574715261.0,27.431766807646376,True
AMBA,68.68,-5.504,1214165.0,83388852.2,3031601888.0,27.416801251225127,True
VRT,244.04,-3.648,4284823.0,1045668204.92,93952513739.0,27.351305747227304,True
WAY,25.74,4.211,1928946.0,49651070.04,4935604228.0,27.206526339652264,True
SMTC,174.78,-4.125,2750040.0,480651991.2,16311452912.0,27.12553391796724,True
RBRK,113.09,3.231,2720733.0,307687694.97,23444058328.0,27.067731734252817,True
XYZ,73.31,-4.07,5522548.0,404857993.88,44044281450.0,27.04496677280959,True
CRM,227.27,-2.884,10327506.0,2347132288.62,187043210000.0,27.012254817327833,True
SMCI,41.78,-3.421,29494533.0,1232281588.74,27448013744.0,26.966398742533258,True
GLW,151.59,-3.286,7331098.0,1111321145.82,130577857096.0,26.911233494054674,True
U,39.86,-4.067,10282545.0,409862243.7,17541944869.0,26.911203035966977,True
NOW,131.45,-3.075,11935980.0,1568984570.9999998,135919300000.0,26.900385740950377,True
SRAD,12.48,-5.74,1921744.0,23983365.12,3890731903.0,26.726331195434113,True
ENPH,30.91,-4.599,5461298.0,168808721.18,4084591070.0,26.71719176396258,True
CIEN,344.19,-3.564,1833431.0,631048615.89,48809076220.0,26.687100842864943,True
P,129.4,2.698,4700113.0,608194622.2,43119606279.0,26.686221326725523,True
MXL,90.0,-4.092,3305572.0,297501480.0,8162387190.0,26.554114278389033,True
VRNS,47.925,3.622,1824370.0,87432932.25,5504688744.0,26.536606555820207,True
CRWV,85.07,-2.877,19752262.0,1680324928.34,46919218732.0,26.501259310932763,True
RGTI,15.95,-4.262,13140406.0,209589475.7,5323611515.0,26.439911167019794,True
MSFT,509.22,-1.346,19627099.0,9994511352.78,3781236274927.0,26.420694966741067,True
GE,318.24,-2.706,4173602.0,1328207100.48,330193894137.0,26.33710075856694,True
LITE,921.32,-2.159,4461559.0,4110523537.88,82642404000.0,26.2873153085414,True
BRZE,23.17,-4.924,2729549.0,63243650.330000006,2631751174.0,26.285119546507794,True
NBIS,231.88,-2.296,12762153.0,2959288037.64,63037787950.0,26.166234814918806,True
FA,18.61,-5.051,2232966.0,41555497.26,3196336190.0,26.140385325252964,True
ASML,1771.41,1.575,1374672.0,2435107727.52,682732705958.0,26.065024105541063,True
TTAN,59.92,3.221,2091078.0,125297393.76,5780356748.0,26.054568200105336,True
GEN,20.85,-3.562,18419513.0,384046846.05,12480539617.0,26.04545008283504,True
TTMI,124.19,-3.855,1831545.0,227459573.54999998,13083275420.0,26.037159210541496,True
HOOD,116.46,-2.462,12901371.0,1502493666.6599998,104707121514.0,25.903616977287882,True
NVTS,11.73,-3.852,20602388.0,241666011.24,3062626614.0,25.864564066256456,True
AAPL,338.4,-0.783,32821049.0,11106642981.599998,4938670512000.0,25.708429142223018,True
SNOW,328.12,-2.328,4525126.0,1484784343.1200001,115760736000.0,25.707573206395768,True
PCG,11.95,-3.16,33093785.0,395470730.75,32027320427.0,25.61116090445721,True
QBTS,16.78,-3.619,13791345.0,231418769.10000002,6370134818.0,25.588749176904134,True
GDDY,93.71,-3.531,2273151.0,213016980.20999998,11868156342.0,25.479362587978976,True
AVGO,349.57,-0.918,21528239.0,7525626507.23,1668717791908.0,25.40791933518688,True
PL,16.77,-3.787,8422732.0,141249215.64,6101730776.0,25.40538065424296,True
TENB,34.47,2.926,3488691.0,120255178.77,3796525214.0,25.364992777523412,True
IBM,220.67,-2.146,5291544.0,1167685014.48,207900795841.0,25.314901066558335,True
INTU,269.4,-2.317,3819796.0,1029053042.3999999,71993378400.0,25.30042791587207,True
CLS,356.53,-2.438,2483705.0,885515343.65,40991361839.0,25.265834502972496,True
NOK,10.12,-2.599,56057134.0,567298196.0799999,58111465724.0,25.173614445525114,True
NAVN,19.98,2.91,3946403.0,78849131.94,5203001650.0,25.014282720244985,True
IONQ,44.58,-1.979,35027514.0,1561526574.12,16985083158.0,24.936122446061304,True
PLTR,187.48,-1.155,18464277.0,3461682651.96,450336986430.0,24.889812669313272,True
ETN,431.41,-1.948,2367712.0,1021454633.9200001,167559644000.0,24.868897466112116,True
ADBE,231.01,-1.894,5228704.0,1207882911.04,89909092000.0,24.83888093804265,True
LSCC,124.03,-3.139,1421313.0,176285451.39000002,17616014636.0,24.78700062589336,True
FSLR,172.97,-2.667,2268090.0,392311527.3,18589049230.0,24.78200215055812,True
NET,353.99,1.424,2826389.0,1000513442.11,126048658313.0,24.733634235261608,True
NCNO,18.6,-4.173,1954332.0,36350575.2,1966692836.0,24.633330362305013,True
GOOG,339.16,-0.563,13870817.0,4704426293.72,4147926800000.0,24.60575421655511,True
FTNT,176.33,1.655,2832529.0,499459838.57000005,129375728433.0,24.596149627745167,True
GOOGL,342.75,-0.34,19318464.0,6621403536.0,4191832500000.0,24.569741484990978,True
SHOP,144.01,1.237,8153917.0,1174245587.1699998,186609745710.0,24.55834488592251,True
T,24.9,-1.891,30491008.0,759226099.1999999,170624402685.0,24.528456658425245,True
COIN,191.79,-1.702,6759916.0,1296484289.6399999,50601283462.0,24.524991053387808,True
NTAP,204.41,1.623,2953234.0,603670561.9399999,40150008812.0,24.51888997163158,True
HNGE,92.45,-3.265,1276711.0,118031931.95,7460198852.0,24.4969616727728,True
FICO,840.89,-2.572,394327.0,331585631.03,18161235295.0,24.489892289833023,True
ON,75.65,-2.008,10413723.0,787798144.95,29451953073.0,24.469019842597415,True
FIG,20.25,-2.878,10201880.0,206588070.0,10793449807.0,24.458816573431186,True
TSM,452.88,0.504,7874529.0,3566216693.52,2348864340924.0,24.442215734391944,True
INOD,66.79,-3.497,1286285.0,85910975.15,2296417260.0,24.389965078059006,True
RMBS,102.12,-2.891,1814508.0,185297556.96,11076098898.0,24.38777477558592,True
TIGO,89.78,-3.077,1401606.0,125836186.68,15041815628.0,24.377166189430323,True
SNPS,417.61,-1.914,1547104.0,646086101.44,80029379736.0,24.30771810507967,True
ZM,87.3,-2.686,2368411.0,206762280.29999998,25472717970.0,24.302068976885728,True
PATH,12.19,-2.167,49586288.0,604456850.72,6352884436.0,24.244270442536145,True
MTSI,278.56,-2.455,1067527.0,297370321.12,21273886539.0,24.24384163719169,True
WDC,453.23,-0.784,7429846.0,3367429102.58,163407972049.0,24.155242555919106,True
STM,52.74,1.56,8402241.0,443134190.34000003,47072834217.0,24.14854014092425,True
SNX,256.75,-2.388,1159892.0,297802271.0,20529409576.0,24.139187771347782,True
DOCN,136.29,-2.476,1836070.0,250237980.29999998,16024916870.0,24.082384977150575,True
MSTR,157.14,-0.927,16368979.0,2572221360.06,66076899051.0,23.998134059458387,True
STX,921.51,0.51,3403870.0,3136700243.7,210766431932.0,23.97627654053205,True
NICE,109.09,-3.298,548211.0,59804337.99,6480336542.0,23.934524520762572,True
PSN,41.6,-3.413,1247737.0,51905859.2,4443104390.0,23.926623049631253,True
SHAZ,52.91,-3.237,1483447.0,78489180.77,1894363450.0,23.892231749359638,True
TEL,214.71,-1.775,2323618.0,498904020.78000003,62161385184.0,23.836266247312853,True
PINS,18.41,-2.593,8822943.0,162430380.63,10425822827.0,23.81717314316068,True
TSEM,226.04,-1.922,1832153.0,414139864.12,25549527240.0,23.759878077316568,True
KLAC,189.17,0.665,8707239.0,1647148401.6299999,246868078092.0,23.750828185935568,True
GFS,47.78,-2.49,3190689.0,152451120.42000002,26633460851.0,23.75016090239106,True
AMAT,486.76,0.363,6092106.0,2965393516.56,386291491355.0,23.725584967187864,True
GEV,949.77,-0.821,1658533.0,1575224887.41,252955645226.0,23.617250661053653,True
ICHR,59.42,2.554,699649.0,41573143.58,2225530287.0,23.617227458532902,True
APPF,197.91,-3.09,293524.0,58091334.839999996,7009376887.0,23.609210506140716,True
FIVN,34.66,-3.103,1871949.0,64881752.339999996,2589917584.0,23.57339522224096,True
TDS,34.75,-3.068,1760546.0,61178973.5,3999725000.0,23.535914918072223,True
MPWR,1351.2,-1.187,660023.0,891823077.6,66402021600.0,23.468820868252404,True
KVYO,15.4,-2.532,8985196.0,138372018.4,4384802530.0,23.454779065750053,True
MTCH,39.51,-2.565,2880273.0,113799586.22999999,9069559417.0,23.44493653258754,True
TTD,12.34,-2.063,23073504.0,284727039.36,5834291583.0,23.421453270135103,True
SWKS,87.59,-1.959,3369807.0,295161395.13,13179910975.0,23.42058847576157,True
KD,11.23,-3.19,3964467.0,44520964.410000004,2446099093.0,23.36809504315113,True
APH,84.62,0.63,13939509.0,1179561251.5800002,208670120263.0,23.365252088424235,True
YOU,40.36,1.919,2808133.0,113336247.88,5460226990.0,23.354761405581108,True
LRCX,314.47,-0.235,9178813.0,2886461324.11,393535419118.0,23.33147582455961,True
APP,308.24,-0.808,4171784.0,1285910700.16,103152824240.0,23.285140013349473,True
FN,409.96,-1.78,805638.0,330279354.47999996,14690860845.0,23.266229389980452,True
CAMT,142.61,-3.019,288146.0,41092501.06,6638296844.0,23.19374498414059,True
INFQ,14.13,-2.619,6327654.0,89409751.02000001,3184295145.0,23.15732443113889,True
NXT,79.13,-2.127,1985005.0,157073445.64999998,12006356918.0,23.11049947891504,True
ADI,395.43,0.465,3221343.0,1273815662.49,191611721825.0,23.0890608948125,True
FDS,267.67,-1.981,762516.0,204102657.72,9519828895.0,23.083717519751527,True
UMC,23.85,-1.892,7092186.0,169148636.10000002,60045505766.0,23.067005178103678,True
TER,401.3,0.733,2027707.0,813718819.1,62739542975.0,23.06608819308771,True
VZ,46.68,-0.85,16944026.0,790947133.68,193944906429.0,23.02198234546976,True
S,22.74,1.609,6402226.0,145586619.23999998,7914636921.0,23.00869377107824,True
TMUS,166.45,0.617,4799984.0,798957336.8,178546189984.0,22.97715988394533,True
ASTS,61.0,-1.31,7548311.0,460446971.0,23739217134.0,22.92277247819279,True
ANET,204.92,-0.789,3480808.0,713287175.36,258450154868.0,22.884360710132263,True
CVLT,148.08,1.745,640931.0,94909062.48,6137111037.0,22.87040276016109,True
MCHP,77.97,-0.915,9394800.0,732512556.0,42338387637.0,22.82148715686781,True
FFIV,435.56,-1.693,468786.0,204184430.16,24664535392.0,22.796770773473554,True
MANH,201.88,-2.014,661246.0,133492342.48,11770607747.0,22.79669231847995,True
CSCO,106.74,0.037,19361353.0,2066630819.2199998,420831722824.0,22.77296376779819,True
NXPI,236.32,-0.739,3629340.0,857685628.8,59591437600.0,22.746470618289397,True
FLEX,113.04,-1.43,2371027.0,268020892.08,41757312633.0,22.718593686106612,True
SANM,220.06,-2.095,431334.0,94919360.04,11794634161.0,22.622299169117642,True
VRSN,282.07,-1.803,476517.0,134411150.19,25470921000.0,22.603486222049902,True
CHTR,111.4,-1.337,2914247.0,324647115.8,12763932609.0,22.565417673702736,True
JBL,318.93,0.691,1753405.0,559213456.65,33419746295.0,22.56055632906638,True
BILI,15.14,1.645,5479382.0,82957843.48,6307682016.0,22.55766933477925,True
ASX,43.79,-1.174,6658173.0,291561395.67,97515898058.0,22.536636439595092,True
MRCY,80.12,-2.507,604674.0,48446480.88,4876390510.0,22.521858938437003,True
HPE,62.63,-0.493,15030774.0,941377375.62,83139119109.0,22.508959409692842,True
TXN,278.31,0.086,4933166.0,1372949429.46,254165963491.0,22.43910016901009,True
BCE,20.56,-1.955,4324736.0,88916572.16,19172730798.0,22.42940481461002,True
GLBE,39.28,-2.216,1706000.0,67011680.0,6582082353.0,22.41272817100603,True
ADSK,207.19,-1.055,1698024.0,351813592.56,43302710000.0,22.397905506204914,True
VICR,285.1,1.114,700411.0,199687176.10000002,13145029293.0,22.37026689618062,True
EMR,159.39,0.733,2140477.0,341170629.03,88907742000.0,22.3640721256238,True
PENG,54.98,-2.206,1338829.0,73608818.42,2817323591.0,22.350302549006408,True
CW,532.36,-1.365,414491.0,220658428.76000002,19662420608.0,22.337713986476917,True
CMCSA,21.79,-0.548,32508311.0,708356096.6899999,77324790926.0,22.33341483634176,True
WBD,30.9,0.13,43621235.0,1347896161.5,77580732403.0,22.33072672942444,True
MGNI,23.4,-2.378,2135650.0,49974210.0,3356125274.0,22.29853523207615,True
MSI,452.08,-1.051,618304.0,279522872.32,74816431679.0,22.275233647603773,True
VSAT,71.65,-1.876,1318243.0,94452110.95,9870203787.0,22.262437479019564,True
GTLB,46.21,-1.356,5206237.0,240580211.77,7698586000.0,22.256763643627142,True
SAP,209.31,-0.65,2055484.0,430233356.04,257138220800.0,22.235966478619968,True
DDOG,268.7,0.213,3478165.0,934582935.5,96483458949.0,22.211794196614886,True
ZETA,28.99,-1.562,5531539.0,160359315.60999998,7276884409.0,22.204869304875956,True
ADP,261.8,-0.709,1668874.0,436911213.20000005,103738655266.0,22.199865596711273,True
SYNA,100.36,-2.298,488120.0,48987723.2,3983530569.0,22.187268364462405,True
BDC,109.82,-2.339,407110.0,44708820.199999996,4291566936.0,22.180701980980317,True
QRVO,116.3,-1.416,1529780.0,177913414.0,10260175918.0,22.128321569461114,True
PTC,139.69,1.137,985800.0,137706402.0,15157239599.0,22.115125302869657,True
WK,68.19,-2.082,907947.0,61912905.93,3710660317.0,22.05587029679865,True
CTSH,56.75,-1.012,4853678.0,275446226.5,25562708861.0,22.04073606001309,True
OLED,75.47,-2.481,402827.0,30401353.69,3469117037.0,22.026362477126764,True
KT,19.16,-2.741,835134.0,16001167.44,9238762814.0,22.00776817576958,True
EXTR,21.0,-2.416,1591975.0,33431475.0,2775584595.0,21.97748514020598,True
FORM,130.97,0.987,1342753.0,175860360.41,10231471353.0,21.967814250155012,True
CHKP,129.27,-1.501,940837.0,121621998.99000001,13198548957.0,21.96370844016239,True
SKM,35.5,-2.204,999445.0,35480297.5,13617090000.0,21.95290401316761,True
AMX,21.66,-1.68,2951615.0,63931980.9,65191185000.0,21.916402428468338,True
AVT,101.45,-1.577,1031939.0,104690211.55,8326303720.0,21.877470441825114,True
ECHO,89.22,-0.988,2642613.0,235773931.85999998,25946589602.0,21.87191967096383,True
XEL,69.39,-0.587,6083448.0,422130456.72,43343374493.0,21.854316327363897,True
TTWO,202.35,0.452,2074695.0,419814533.25,37835492641.0,21.85237972564563,True
OTIS,66.33,0.591,4870680.0,323072204.4,25249797256.0,21.841389453326283,True
CDNS,326.7,0.175,1996009.0,652096140.3,89970893100.0,21.812558970368354,True
DBX,31.92,-1.238,5559868.0,177470986.56,7204640377.0,21.80541903478734,True
OC,122.03,-1.517,844380.0,103039691.4,9646310786.0,21.796035536131168,True
NTNX,68.7,0.985,1817782.0,124881623.4,18588171297.0,21.75722990451802,True
INGM,26.46,-1.927,1890715.0,50028318.9,6103313980.0,21.713879818449627,True
PRCH,16.83,1.815,1492575.0,25120037.249999996,2218733301.0,21.701177343757653,True
ACMR,75.95,-1.746,836684.0,63546149.800000004,5289856436.0,21.628383844388424,True
WDAY,188.6,-0.449,2132951.0,402274558.59999996,45452600000.0,21.612690689793446,True
ROK,431.22,-0.675,598821.0,258223591.62,47983554013.0,21.57487417897272,True
VIV,11.29,-2.672,853045.0,9630878.049999999,18039197857.0,21.565007795074397,True
SITM,656.65,-0.849,335757.0,220474834.04999998,19746145789.0,21.56363686747386,True
NI,39.1,-0.812,6001634.0,234663889.4,18750799910.0,21.55444945890167,True
WCC,364.67,-0.754,692137.0,252401599.79000002,17771409868.0,21.522586865659207,True
TOST,30.38,-0.719,8455927.0,256891062.26,17559640000.0,21.483578451939497,True
VRSK,167.77,-0.851,1157812.0,194246119.24,21836274133.0,21.471917190185707,True
PNR,53.03,-1.174,2242176.0,118902593.28,8465600489.0,21.386062872720736,True
BSP,33.56,0.932,2634901.0,88427277.56,23098653308.0,21.384427840079717,True
DOCU,66.98,-0.77,3271814.0,219146101.72,12518726235.0,21.370613548991805,True
NTSK,17.85,1.019,4880471.0,87116407.35000001,7293291302.0,21.370223159967097,True
RCI,31.43,-1.504,1801241.0,56613004.63,16979249058.0,21.342303877307415,True
VIAV,40.87,0.467,6717609.0,274548679.83,10084665470.0,21.31252024318999,True
LNT,63.21,-0.613,4040599.0,255406262.79,16389385824.0,21.309060022386152,True
CMS,62.6,-0.556,4291576.0,268652657.6,19629928714.0,21.29490383508071,True
DUK,113.41,0.053,4193539.0,475589257.99,88426025708.0,21.29176711068137,True
VEEV,279.96,-0.257,1377022.0,385511079.11999995,45328001646.0,21.28730202785552,True
AMKR,53.18,-0.802,3447205.0,183322361.9,13212702461.0,21.271777967300913,True
OSIS,193.04,-2.129,123541.0,23848354.64,3077437503.0,21.269283077302664,True
LDOS,122.35,-1.019,962546.0,117767503.1,15353971771.0,21.235728192759247,True
VLTO,96.2,-0.968,1239347.0,119225181.4,23452919693.0,21.23430490452364,True
TEM,85.08,0.082,6288777.0,535049147.15999997,15446797667.0,21.186880812565924,True
DT,57.84,-0.19,7593596.0,439213592.64000005,16715883084.0,21.148446807822747,True
QLYS,173.83,0.812,605130.0,105189747.9,6013649024.0,21.090645155729636,True
UI,553.37,-1.302,94930.0,52531414.1,33494590194.0,21.077579317580472,True
POWL,187.23,-1.214,426626.0,79877185.97999999,6821268958.0,21.06769832395808,True
PEG,66.73,-0.433,3394614.0,226522592.22,33259568602.0,21.042393859841514,True
PEGA,33.23,-1.526,1411693.0,46910558.38999999,5463176322.0,21.03964703112477,True
HPQ,31.32,0.064,13325402.0,417351590.64,28244093149.0,21.026828818403533,True
QTWO,55.1,-1.835,527610.0,29071311.0,3435743695.0,21.01703649968195,True
SIMO,278.07,0.666,414314.0,115208293.98,9428862906.0,20.946028253588352,True
SSNC,78.0,-0.776,1444710.0,112687380.0,18303089688.0,20.859634105918992,True
BIDU,86.97,-0.412,2202456.0,191547598.32,29591773753.0,20.847463271339794,True
ARW,230.46,-1.005,349424.0,80528255.04,11731663785.0,20.843672439857528,True
TYL,324.02,-0.476,603961.0,195695443.22,13269355821.0,20.840158870391047,True
VSH,32.23,-0.983,2899039.0,93436026.96999998,4943410552.0,20.808438064803674,True
EVRG,77.91,-0.167,3762441.0,293131778.31,17963488371.0,20.77366254240343,True
EXC,40.32,-0.05,7470551.0,301212616.32,41620479949.0,20.749503796152112,True
ITRI,88.49,-1.404,486881.0,43084099.69,3874689773.0,20.730516971978563,True
COHU,66.07,-1.388,689287.0,45541192.089999996,3127650268.0,20.722135153705047,True
QNT,49.11,-0.848,1809251.0,88852316.61,12931062854.0,20.70840948888251,True
ED,102.83,-0.262,1960402.0,201588137.66,38029478331.0,20.704972074231918,True
AEIS,277.84,-0.658,451262.0,125378634.07999998,11127614805.0,20.699687797613336,True
WEC,101.45,0.0,3168943.0,321489267.35,33057419905.0,20.696077091913466,True
DPC,40.54,-1.194,1291572.0,52360328.879999995,6056392869.0,20.652779645261106,True
NVMI,370.42,0.595,250210.0,92682788.2,11773048488.0,20.648809307054115,True
MDA,31.05,-1.397,1214569.0,37712367.45,5034161247.0,20.644142086233472,True
CARG,30.81,-1.565,983490.0,30301326.9,2744353857.0,20.613877331490723,True
IRDM,48.33,-0.862,1750776.0,84615004.08,5121065310.0,20.546170869524943,True
ESE,266.04,-0.765,356159.0,94752540.36000001,6892449125.0,20.544112474070765,True
HUBB,465.72,-0.193,429898.0,200212096.56,24605184966.0,20.529339948856897,True
OCTV,18.58,-1.328,1976054.0,36715083.32,4987574101.0,20.51595031262526,True
ROKU,152.67,-0.007,1801882.0,275093324.94,22659123997.0,20.513795195576012,True
PCOR,49.06,-0.487,2790872.0,136920180.32,7454928882.0,20.458790151504513,True
EPAM,107.55,-0.628,1029343.0,110705839.64999999,5548179807.0,20.44079374496145,True
ALGM,36.94,0.49,2748228.0,101519542.32,6885691579.0,20.436380950451237,True
CACI,616.4,-0.311,259199.0,159770263.6,13622191591.0,20.42047834790806,True
FROG,88.81,-0.415,1560677.0,138603724.37,10950389430.0,20.419850147912577,True
AEE,99.39,0.0,2392490.0,237789581.1,27515450717.0,20.40623746453658,True
TDC,28.55,-1.348,1191482.0,34016811.1,2655150000.0,20.383818368046697,True
SAIC,130.93,-1.267,260863.0,34154792.59,5485657351.0,20.376133341641033,True
INFY,10.52,0.19,13016111.0,136929487.72,42672908157.0,20.37354725111511,True
GWRE,145.18,-0.261,1132921.0,164477470.78,11903695685.0,20.35020147367678,True
Q,124.91,0.176,1186208.0,148169241.28,26132239106.0,20.33952793219276,True
PPLI,39.64,-0.9,1621330.0,64269521.2,2951749987.0,20.28053797846401,True
ESTC,87.94,-0.204,1914143.0,168329735.42,9232933163.0,20.246190573706013,True
NWE,68.06,-1.133,565873.0,38513316.38,4186904871.0,20.238384417373748,True
PCTY,142.72,-0.439,797381.0,113802216.32,7572289759.0,20.228530968687434,True
PI,176.88,-0.785,371430.0,65698538.4,5404464571.0,20.219074851733417,True
IOT,37.93,-0.079,4501245.0,170732222.85,22212005577.0,20.204436710178076,True
PLXS,264.96,0.711,161957.0,42912126.72,7061740151.0,20.134279183815256,True
KLIC,91.68,0.548,682009.0,62526585.120000005,4797533263.0,20.07648571888914,True
DOCS,26.2,-0.569,3035655.0,79534161.0,4670044676.0,20.03886977052949,True
LOGI,100.33,-0.752,466126.0,46766421.58,14366085350.0,20.022936735452955,True
ACLS,124.01,0.731,322747.0,40023855.47,3829613451.0,20.020742072154945,True
JOYY,80.59,1.028,228463.0,18411833.17,4168275335.0,19.95317880165778,True
CRUS,119.53,-0.325,857687.0,102519327.11,5990552066.0,19.931224890516116,True
GSAT,82.34,-0.652,610111.0,50236539.74,10668249533.0,19.88987204356618,True
BSY,31.29,-0.477,2217215.0,69376657.35,9452486497.0,19.889367865343093,True
IPGP,77.23,-1.139,323807.0,25007614.610000003,3284942447.0,19.835429253466113,True
NIQ,17.58,-1.402,824854.0,14500933.319999998,5185324089.0,19.8259634779722,True
FSLY,24.92,-0.16,5126625.0,127755495.00000001,3969756000.0,19.812326512859816,True
JKHY,147.82,0.02,912462.0,134880132.84,10364045715.0,19.805331231997883,True
DIOD,96.37,0.553,469657.0,45260845.09,4438002811.0,19.793960967829868,True
SAIL,20.57,-0.339,3578404.0,73607770.28,11743652291.0,19.766778439064375,True
RAMP,37.63,0.347,2035622.0,76600455.86,2287715173.0,19.738253391783704,True
PAYC,220.58,0.054,497260.0,109685610.80000001,9941897719.0,19.68741356784255,True
UCTT,78.07,0.489,606856.0,47377247.919999994,3534777654.0,19.671066394374694,True
DSGX,78.85,0.305,798440.0,62956993.99999999,6745503404.0,19.64824299530354,True
RNG,76.13,-0.039,1418560.0,107994972.8,6357324113.0,19.55645310253706,True
POWI,51.84,-0.728,629292.0,32622497.28,2896471768.0,19.430688662100756,True
VIA,29.1,-1.054,641016.0,18653565.6,2371813338.0,19.403801895039514,True
DOX,57.42,-0.503,700889.0,40245046.38,6198462529.0,19.391224257504074,True
LFUS,429.21,-0.002,191206.0,82067527.25999999,10901396200.0,19.34446143954509,True
BOX,31.34,-0.159,2333176.0,73121735.84,4299872226.0,19.338302427798922,True
VOD,16.58,-0.241,2392279.0,39663985.81999999,38371029587.0,19.26269391670626,True
BHE,82.79,0.327,477590.0,39539676.1,2973811253.0,19.163725904879314,True
CALX,33.19,0.151,1269264.0,42126872.16,2089774795.0,18.813153249952226,True
SPSC,81.01,-0.357,301658.0,24437314.580000002,2916374096.0,18.62430209024147,True
FRSH,12.53,-0.08,2966541.0,37170758.73,3269337273.0,18.590463756049683,True
SLAB,221.03,-0.095,140397.0,31031948.91,7375055184.0,18.579835949166185,True
DGII,78.22,-0.102,364419.0,28504854.18,2968302181.0,18.378215486234584,True
